{
    "elapsed_time": 1116.8490036669828,
    "num_requests": 200,
    "total_num_tokens": 148383,
    "requests_per_second": 0.17907523697772412,
    "tokens_per_second": 132.8586044423282
}