{
    "elapsed_time": 4413.108887573006,
    "num_requests": 200,
    "total_num_tokens": 148383,
    "requests_per_second": 0.04531952532673406,
    "tokens_per_second": 33.6232356327839
}