{
    "elapsed_time": 4942.322444705991,
    "num_requests": 200,
    "total_num_tokens": 146523,
    "requests_per_second": 0.04046680527981974,
    "tokens_per_second": 29.646588550075137
}