{
    "elapsed_time": 1622.1508004669886,
    "num_requests": 200,
    "total_num_tokens": 149199,
    "requests_per_second": 0.12329309947165426,
    "tokens_per_second": 91.97603574035672
}