{
    "elapsed_time": 579.2583283340064,
    "num_requests": 200,
    "total_num_tokens": 149199,
    "requests_per_second": 0.3452690970800819,
    "tokens_per_second": 257.5690200762557
}