{
    "elapsed_time": 422.9633326979965,
    "num_requests": 200,
    "total_num_tokens": 145877,
    "requests_per_second": 0.4728542276330219,
    "tokens_per_second": 344.89278082211166
}