{
    "elapsed_time": 335.1902533090033,
    "num_requests": 200,
    "total_num_tokens": 147036,
    "requests_per_second": 0.5966760609104738,
    "tokens_per_second": 438.66430646016215
}