{
    "elapsed_time": 1180.4679098319903,
    "num_requests": 200,
    "total_num_tokens": 147036,
    "requests_per_second": 0.16942434295267284,
    "tokens_per_second": 124.55738845194603
}