{
    "elapsed_time": 1040.8703778119961,
    "num_requests": 200,
    "total_num_tokens": 148383,
    "requests_per_second": 0.19214688424548898,
    "tokens_per_second": 142.55665562499195
}