{
    "elapsed_time": 829.0221019720047,
    "num_requests": 200,
    "total_num_tokens": 148383,
    "requests_per_second": 0.24124809160607133,
    "tokens_per_second": 178.9855778839184
}