{
    "elapsed_time": 4524.872769704001,
    "num_requests": 200,
    "total_num_tokens": 146523,
    "requests_per_second": 0.04420013781140705,
    "tokens_per_second": 32.38168396270398
}