{
    "elapsed_time": 337.9250378529978,
    "num_requests": 200,
    "total_num_tokens": 145877,
    "requests_per_second": 0.5918472370993796,
    "tokens_per_second": 431.684497031731
}