{
    "elapsed_time": 429.33717995201005,
    "num_requests": 200,
    "total_num_tokens": 145877,
    "requests_per_second": 0.46583433566679544,
    "tokens_per_second": 339.7725769203256
}