{
    "elapsed_time": 1064.2481690550048,
    "num_requests": 200,
    "total_num_tokens": 148383,
    "requests_per_second": 0.18792609263080925,
    "tokens_per_second": 139.42518701418686
}