{
    "elapsed_time": 1143.0971733950137,
    "num_requests": 200,
    "total_num_tokens": 148383,
    "requests_per_second": 0.17496325304173166,
    "tokens_per_second": 129.80786188045636
}