{
    "elapsed_time": 4458.206557154976,
    "num_requests": 200,
    "total_num_tokens": 148383,
    "requests_per_second": 0.044861088744087015,
    "tokens_per_second": 33.28311465556932
}