{
    "elapsed_time": 2635.1146362860163,
    "num_requests": 200,
    "total_num_tokens": 148383,
    "requests_per_second": 0.07589802631201048,
    "tokens_per_second": 56.30988419127526
}