{
    "elapsed_time": 4146.9418406439945,
    "num_requests": 200,
    "total_num_tokens": 146523,
    "requests_per_second": 0.04822831080962091,
    "tokens_per_second": 35.33278392379042
}