{
    "elapsed_time": 831.5209342329908,
    "num_requests": 200,
    "total_num_tokens": 148383,
    "requests_per_second": 0.24052310863885035,
    "tokens_per_second": 178.44770214579268
}