{
    "elapsed_time": 426.82582592999097,
    "num_requests": 200,
    "total_num_tokens": 145877,
    "requests_per_second": 0.4685752076136192,
    "tokens_per_second": 341.7717278052596
}